<?xml version="1.0" encoding="UTF-8" standalone="yes"?>
<addon id="plugin.program.speedteamwizard" name="Speed Team" version="2.0" provider-name="Speed_Ster">
  <requires>
    <import addon="xbmc.python" version="2.1.0"/>
  </requires>
  <extension point="xbmc.python.pluginsource" library="default.py">
    <provides>executable</provides>
  </extension>
  <extension point="xbmc.service" library="startup.py" start="startup" />
  <extension point="xbmc.addon.metadata">
    <summary lang="en">Speed Team</summary>
    <description lang="en">&quot;Fastest Builds Alive&quot;</description>
    <platform>all</platform>
  </extension>
</addon>