<?xml version="1.0" encoding="UTF-8" standalone="yes"?>
<addon id="repository.speedteam" name="Speed-Team" version="0.0.1" provider-name="Speed_Ster">
	<extension point="xbmc.addon.repository" name="Speed-Team">
		<dir>
			<info compressed="false">https://raw.githubusercontent.com/totalrevolution/python-koding/master/zips/addons.xml</info>
			<checksum>https://raw.githubusercontent.com/totalrevolution/python-koding/master/zips/addons.xml.md5</checksum>
			<datadir zip="true">https://raw.githubusercontent.com/totalrevolution/python-koding/master/zips/</datadir>
		</dir>
		<info compressed="false">https://raw.githubusercontent.com/Speed-Team/repository.speedteam/master/zips/addons.xml</info>
		<checksum>https://raw.githubusercontent.com/Speed-Team/repository.speedteam/master/zips/addons.xml.md5</checksum>
		<datadir zip="true">https://raw.githubusercontent.com/Speed-Team/repository.speedteam/master/zips/</datadir>
	</extension>
	<extension point="xbmc.addon.metadata">
		<summary lang="en">Speed-Team Repo</summary>
		<description lang="en">"The Fastest Builds Alive"</description>
		<genre>wizard,usa</genre>
	</extension>
</addon>